country_org,country_dest,trade_flow2014
AUS,AUS,2437913.454704738
AUS,AUT,197.2133051877549
AUS,BEL,738.5164335203401
AUS,BGR,192.0597734202278
AUS,BRA,1952.176151616869
AUS,CAN,1806.54041712287
AUS,CHE,1086.123112756032
AUS,CHN,76645.19546544213
AUS,CZE,143.1068695719771
AUS,DEU,1601.526376424847
AUS,DNK,328.8599064892605
AUS,ESP,673.8323765321858
AUS,EST,9.3766690738442
AUS,FIN,107.7817174616961
AUS,FRA,1271.062157248808
AUS,GBR,3736.422825928714
AUS,GRC,41.40585269628728
AUS,HRV,7.14008337728245
AUS,HUN,25.00092638170446
AUS,IDN,6360.604627224609
AUS,IND,7844.125812794687
AUS,IRL,230.4317210140176
AUS,ITA,886.5318418103629
AUS,JPN,46272.29891172781
AUS,KOR,16057.83867833867
AUS,LTU,7.616626797579074
AUS,LVA,6.988424440180489
AUS,MEX,475.3189502655631
AUS,NLD,941.4057669952402
AUS,NOR,205.0021312380034
AUS,POL,475.3377379449601
AUS,PRT,21.78814039297337
AUS,ROU,72.80439302492971
AUS,ROW,93835.7925162732
AUS,RUS,360.0379454692774
AUS,SVK,46.6568371750377
AUS,SVN,33.58102966540743
AUS,SWE,388.7290927297298
AUS,TUR,677.068647365333
AUS,TWN,11409.2133667355
AUS,USA,10161.41775123625
AUT,AUS,1228.689411459163
AUT,AUT,598635.3417117066
AUT,BEL,3154.928479352237
AUT,BGR,1035.1409116057
AUT,BRA,1373.751377003728
AUT,CAN,1906.558861671873
AUT,CHE,10359.91504948605
AUT,CHN,6561.155007422148
AUT,CZE,5736.820333010078
AUT,DEU,61746.13170370772
AUT,DNK,1015.742190801622
AUT,ESP,2903.513600814485
AUT,EST,144.7259546868957
AUT,FIN,864.9788867560443
AUT,FRA,7995.010366063078
AUT,GBR,5452.467408817223
AUT,GRC,763.7434549601277
AUT,HRV,2229.173535862853
AUT,HUN,6830.650363960503
AUT,IDN,328.119939707862
AUT,IND,942.8671769241134
AUT,IRL,577.4874314892838
AUT,ITA,13121.12355774133
AUT,JPN,2064.428249329403
AUT,KOR,1523.04233265878
AUT,LTU,236.8157037093976
AUT,LVA,214.6781202523021
AUT,MEX,945.4195119545525
AUT,NLD,2858.43995817927
AUT,NOR,846.1374032104071
AUT,POL,5138.198742361099
AUT,PRT,417.2759090652455
AUT,ROU,2612.454673037339
AUT,ROW,32416.06004968332
AUT,RUS,4021.026015018441
AUT,SVK,3013.125488677068
AUT,SVN,2777.160482638052
AUT,SWE,2812.276800256125
AUT,TUR,2288.43639316911
AUT,TWN,549.1810989178809
AUT,USA,10051.60088368829
BEL,AUS,3426.576597213221
BEL,AUT,5488.879074620133
BEL,BEL,836791.6266144206
BEL,BGR,789.9794649647978
BEL,BRA,2519.88231214928
BEL,CAN,2078.886302513835
BEL,CHE,14056.90491199597
BEL,CHN,9733.525920098396
BEL,CZE,3672.124591267456
BEL,DEU,74055.6607167745
BEL,DNK,3874.781694178896
BEL,ESP,10046.06537246552
BEL,EST,353.5217448496137
BEL,FIN,2659.52166336446
BEL,FRA,52697.62620725453
BEL,GBR,31092.29764113751
BEL,GRC,2630.640697787002
BEL,HRV,431.1359352290652
BEL,HUN,2424.465936594763
BEL,IDN,510.8952753196394
BEL,IND,1996.092714074225
BEL,IRL,6307.657844600423
BEL,ITA,19997.6954954685
BEL,JPN,2889.472596795506
BEL,KOR,1547.994005718749
BEL,LTU,758.1593286687573
BEL,LVA,336.682181133455
BEL,MEX,1035.934472846644
BEL,NLD,40558.95177457573
BEL,NOR,3078.608281327181
BEL,POL,6367.825733577357
BEL,PRT,2469.032383910747
BEL,ROU,1341.242079903808
BEL,ROW,128526.439157837
BEL,RUS,5718.492381105774
BEL,SVK,1034.994028869476
BEL,SVN,545.4706090054284
BEL,SWE,9695.058486267459
BEL,TUR,4251.117209675922
BEL,TWN,1123.956827275537
BEL,USA,23990.09455421204
BGR,AUS,36.91223891897171
BGR,AUT,921.1322813962518
BGR,BEL,1672.503885909871
BGR,BGR,91174.20633936503
BGR,BRA,37.51371866443657
BGR,CAN,85.94858250355524
BGR,CHE,224.8009442023153
BGR,CHN,816.4080463789925
BGR,CZE,420.9967828717158
BGR,DEU,2877.755688724129
BGR,DNK,186.8608516079768
BGR,ESP,532.1609875894882
BGR,EST,24.41914762052938
BGR,FIN,146.8183371744059
BGR,FRA,1104.438989215534
BGR,GBR,767.2240043201427
BGR,GRC,1527.253414801455
BGR,HRV,100.3806734020244
BGR,HUN,384.3980776157708
BGR,IDN,41.4915876032903
BGR,IND,53.90926848746112
BGR,IRL,95.07676469000246
BGR,ITA,2345.981073800224
BGR,JPN,57.72834742727789
BGR,KOR,114.7378557933066
BGR,LTU,54.69331763450845
BGR,LVA,34.59579185721007
BGR,MEX,42.28909234173933
BGR,NLD,487.6784282588043
BGR,NOR,59.99291417629004
BGR,POL,544.8160006066962
BGR,PRT,127.4965082812892
BGR,ROU,1772.440332381046
BGR,ROW,9487.035772365649
BGR,RUS,672.9025437641602
BGR,SVK,197.7171316585464
BGR,SVN,182.0721586881217
BGR,SWE,231.071180298935
BGR,TUR,2576.941815537836
BGR,TWN,25.48519033083549
BGR,USA,624.2207037903053
BRA,AUS,1164.054033115767
BRA,AUT,340.8781098033734
BRA,BEL,3150.695239015294
BRA,BGR,195.24353346748
BRA,BRA,3833238.894861184
BRA,CAN,3495.071074335268
BRA,CHE,560.5930018133554
BRA,CHN,41012.17524469453
BRA,CZE,143.4217162681833
BRA,DEU,7024.734724240243
BRA,DNK,908.2986967425687
BRA,ESP,3302.001042848747
BRA,EST,50.06987162383835
BRA,FIN,560.4541259334205
BRA,FRA,4870.50164549324
BRA,GBR,4778.962886982547
BRA,GRC,182.8518482134241
BRA,HRV,60.52638073672419
BRA,HUN,187.1749998025355
BRA,IDN,3475.755138974117
BRA,IND,6890.617602214012
BRA,IRL,831.8307611478619
BRA,ITA,4089.932985924488
BRA,JPN,9054.493328251514
BRA,KOR,4341.479916499843
BRA,LTU,45.80108436069744
BRA,LVA,30.26750243170178
BRA,MEX,4855.520712794748
BRA,NLD,8682.311778748148
BRA,NOR,1707.881679958697
BRA,POL,645.8299153512625
BRA,PRT,1184.700666735361
BRA,ROU,346.765159214061
BRA,ROW,113551.1609830783
BRA,RUS,3655.824110582562
BRA,SVK,65.36144782787744
BRA,SVN,323.4492065453912
BRA,SWE,697.4697695945322
BRA,TUR,1677.347168062273
BRA,TWN,2571.514308538824
BRA,USA,29552.36664116657
CAN,AUS,2683.778893729181
CAN,AUT,620.4133198616522
CAN,BEL,2722.000481365385
CAN,BGR,149.9846577140513
CAN,BRA,2145.689165278683
CAN,CAN,2692946.523494768
CAN,CHE,1222.019203899554
CAN,CHN,17815.29360071743
CAN,CZE,191.7923410349751
CAN,DEU,4154.97171833571
CAN,DNK,484.1274611074996
CAN,ESP,1334.211327267917
CAN,EST,43.38619185605033
CAN,FIN,724.2294525747337
CAN,FRA,7212.009381557218
CAN,GBR,13648.93936648258
CAN,GRC,235.2018437340323
CAN,HRV,48.50483066350372
CAN,HUN,221.241310741294
CAN,IDN,1354.999794488963
CAN,IND,2636.254111325935
CAN,IRL,1469.753466736808
CAN,ITA,3150.054843357513
CAN,JPN,14046.15100029785
CAN,KOR,4701.663348929119
CAN,LTU,53.64187502157111
CAN,LVA,33.10670052163621
CAN,MEX,8237.10428719119
CAN,NLD,2161.75459304937
CAN,NOR,2395.484203349361
CAN,POL,475.6649507036231
CAN,PRT,203.4719938596987
CAN,ROU,287.5662461832215
CAN,ROW,109965.993485853
CAN,RUS,1645.928669936967
CAN,SVK,173.7755370565312
CAN,SVN,46.79624922150438
CAN,SWE,1231.222935654873
CAN,TUR,967.8081834560285
CAN,TWN,2136.100970692847
CAN,USA,350482.1343441567
CHE,AUS,3060.186339162025
CHE,AUT,6705.90311321234
CHE,BEL,13543.74049146433
CHE,BGR,286.8431071056276
CHE,BRA,2722.012194472396
CHE,CAN,5775.730773362713
CHE,CHE,1049093.521396547
CHE,CHN,10925.59241012361
CHE,CZE,1451.989811950501
CHE,DEU,48316.96973444578
CHE,DNK,2021.151370044315
CHE,ESP,7043.762439664218
CHE,EST,149.2350346714878
CHE,FIN,1280.791607169578
CHE,FRA,19763.9361622441
CHE,GBR,12649.08153001767
CHE,GRC,1239.443160266784
CHE,HRV,242.1171179228616
CHE,HUN,1063.005683033738
CHE,IDN,605.5263932143612
CHE,IND,2774.405442815946
CHE,IRL,2362.09956270721
CHE,ITA,16259.4477673264
CHE,JPN,7175.574128029925
CHE,KOR,3150.758881637173
CHE,LTU,139.5395145421898
CHE,LVA,209.9463683427022
CHE,MEX,1618.499492946366
CHE,NLD,12116.6178081832
CHE,NOR,1534.196379303688
CHE,POL,2638.084001786847
CHE,PRT,1008.235543429176
CHE,ROU,770.1979998707029
CHE,ROW,116588.9644849019
CHE,RUS,6333.039483683686
CHE,SVK,643.3452196500031
CHE,SVN,417.1992064713527
CHE,SWE,1743.987221671328
CHE,TUR,1731.074583354884
CHE,TWN,1525.66682571593
CHE,USA,32981.69635745777
CHN,AUS,48458.54634746324
CHN,AUT,4242.399953742906
CHN,BEL,12714.94094093598
CHN,BGR,1029.020466827822
CHN,BRA,38987.59079040095
CHN,CAN,49636.17306419559
CHN,CHE,7292.865833513566
CHN,CHN,29319958.62296636
CHN,CZE,8897.806617132537
CHN,DEU,88464.56419825264
CHN,DNK,6198.962064789263
CHN,ESP,21495.86055647366
CHN,EST,1073.260294519264
CHN,FIN,6870.438378909786
CHN,FRA,41291.33287209401
CHN,GBR,51850.28724659113
CHN,GRC,4190.466029521249
CHN,HRV,713.929179303677
CHN,HUN,5395.649713871025
CHN,IDN,34969.46735737393
CHN,IND,44869.44621356832
CHN,IRL,3470.932992349472
CHN,ITA,28865.14366760929
CHN,JPN,172861.1170285366
CHN,KOR,101923.9884524788
CHN,LTU,946.8744712464551
CHN,LVA,653.8088216484151
CHN,MEX,38329.64627037305
CHN,NLD,42640.36861409776
CHN,NOR,4562.582633810336
CHN,POL,14316.25730281411
CHN,PRT,2251.282501956495
CHN,ROU,2613.500573546442
CHN,ROW,1039562.976664007
CHN,RUS,65197.72883938812
CHN,SVK,2001.544771858029
CHN,SVN,1369.127842275059
CHN,SWE,11172.94685145364
CHN,TUR,23148.9624826264
CHN,TWN,43622.03434882849
CHN,USA,347311.1062227529
CZE,AUS,590.4006455146857
CZE,AUT,7205.30919869954
CZE,BEL,5076.589966282889
CZE,BGR,842.2344835715791
CZE,BRA,463.5363459404051
CZE,CAN,419.9048734589608
CZE,CHE,2469.573514603814
CZE,CHN,3101.90632003178
CZE,CZE,331202.0917190756
CZE,DEU,46695.80127521104
CZE,DNK,1702.422036619218
CZE,ESP,3863.323364722045
CZE,EST,214.3912485862183
CZE,FIN,970.1852108756808
CZE,FRA,7592.290255776467
CZE,GBR,6824.767077449369
CZE,GRC,303.8726033513625
CZE,HRV,499.4098793321634
CZE,HUN,4732.268976444418
CZE,IDN,202.8934590484527
CZE,IND,427.1166236264924
CZE,IRL,682.5592388876129
CZE,ITA,5761.564538932796
CZE,JPN,682.2374691501467
CZE,KOR,683.7693296629684
CZE,LTU,459.7275765609858
CZE,LVA,181.5340543959504
CZE,MEX,727.0515960406981
CZE,NLD,3385.141179387659
CZE,NOR,818.3318490753684
CZE,POL,9415.199478439539
CZE,PRT,484.114388772698
CZE,ROU,1677.792922142663
CZE,ROW,15915.36657190863
CZE,RUS,6139.173880622066
CZE,SVK,11188.92954386133
CZE,SVN,676.393366949853
CZE,SWE,2397.355822790445
CZE,TUR,2167.844817549378
CZE,TWN,145.0841419689036
CZE,USA,3789.543764323127
DEU,AUS,12142.80082737585
DEU,AUT,77550.7895228069
DEU,BEL,52202.20696039137
DEU,BGR,4149.757853093378
DEU,BRA,17775.4751654835
DEU,CAN,17148.24076152631
DEU,CHE,63954.73966084782
DEU,CHN,122900.2853554313
DEU,CZE,42855.07404004103
DEU,DEU,5388510.256616373
DEU,DNK,24165.08453602644
DEU,ESP,50542.04249754739
DEU,EST,2139.238526141229
DEU,FIN,15078.00372796524
DEU,FRA,133787.9398236772
DEU,GBR,103347.4814750558
DEU,GRC,7709.973169711562
DEU,HRV,3231.402812258702
DEU,HUN,27182.84829802435
DEU,IDN,4214.989070876815
DEU,IND,13025.17866417907
DEU,IRL,9475.202737458278
DEU,ITA,84739.96569762027
DEU,JPN,24756.92765289899
DEU,KOR,25415.25059169004
DEU,LTU,2752.202843623251
DEU,LVA,1396.027442859495
DEU,MEX,14848.97395199652
DEU,NLD,72853.24497537453
DEU,NOR,12835.17387470029
DEU,POL,61603.58135622264
DEU,PRT,9998.34505986681
DEU,ROU,13070.99852155568
DEU,ROW,277357.647043371
DEU,RUS,49265.0481354678
DEU,SVK,14645.03705677319
DEU,SVN,4664.439912691497
DEU,SWE,32583.68583037119
DEU,TUR,28860.02614684071
DEU,TWN,10385.449463577
DEU,USA,135642.0886546584
DNK,AUS,1273.10020770683
DNK,AUT,798.4579800543496
DNK,BEL,2372.342575889169
DNK,BGR,202.469613855815
DNK,BRA,1113.70690353318
DNK,CAN,1516.190359811121
DNK,CHE,1517.505768142685
DNK,CHN,7624.819428771362
DNK,CZE,796.815623947574
DNK,DEU,19204.90602279036
DNK,DNK,444477.3784518904
DNK,ESP,2342.045266887413
DNK,EST,274.4907679234388
DNK,FIN,4046.946542454856
DNK,FRA,4525.664625350649
DNK,GBR,10686.28021136648
DNK,GRC,626.4312550963257
DNK,HRV,131.6830404753027
DNK,HUN,1881.850635436143
DNK,IDN,366.6632803864945
DNK,IND,1211.663248490463
DNK,IRL,780.9203503950988
DNK,ITA,2703.826005153451
DNK,JPN,3461.407661658017
DNK,KOR,1315.262361391118
DNK,LTU,402.225363640022
DNK,LVA,329.1716948239105
DNK,MEX,613.1437512145392
DNK,NLD,3522.000370394397
DNK,NOR,9093.51116972801
DNK,POL,3053.425290895266
DNK,PRT,405.1415184385406
DNK,ROU,427.8198226454915
DNK,ROW,53678.33110447152
DNK,RUS,2092.038207747111
DNK,SVK,275.5218266405099
DNK,SVN,110.3308724220051
DNK,SWE,15882.46885331447
DNK,TUR,1426.587249151163
DNK,TWN,487.2990679968634
DNK,USA,7718.45397266015
ESP,AUS,2495.886948336405
ESP,AUT,2802.403818916243
ESP,BEL,8702.928903379003
ESP,BGR,2907.647113878277
ESP,BRA,5157.273615381083
ESP,CAN,2868.869624056013
ESP,CHE,5278.50616589079
ESP,CHN,5883.810565204019
ESP,CZE,2461.553003892358
ESP,DEU,36647.29024674299
ESP,DNK,2102.835582305271
ESP,ESP,2178900.174122791
ESP,EST,168.7506725468461
ESP,FIN,1395.070162867238
ESP,FRA,52167.9255170272
ESP,GBR,21497.59952770675
ESP,GRC,3123.269151017555
ESP,HRV,311.0956581292653
ESP,HUN,1476.728967820642
ESP,IDN,565.5348812852758
ESP,IND,1360.669670197352
ESP,IRL,1910.572507569446
ESP,ITA,24343.56019017396
ESP,JPN,3858.111697264656
ESP,KOR,3088.150983376814
ESP,LTU,495.1663206065445
ESP,LVA,199.0555232821113
ESP,MEX,5462.516840057775
ESP,NLD,8199.007359395397
ESP,NOR,1951.373146018254
ESP,POL,5438.791403968407
ESP,PRT,25045.29793343043
ESP,ROU,1612.464343130847
ESP,ROW,110257.7239867532
ESP,RUS,5283.142647931963
ESP,SVK,811.1625222799875
ESP,SVN,739.7040455535723
ESP,SWE,3048.445921753139
ESP,TUR,7763.123590890007
ESP,TWN,3107.130492988992
ESP,USA,17015.15062420078
EST,AUS,140.4496872945634
EST,AUT,118.3692847006355
EST,BEL,293.0836708105836
EST,BGR,37.62034123394778
EST,BRA,42.23067936435307
EST,CAN,66.64048120713667
EST,CHE,225.4544437491047
EST,CHN,177.7298211125325
EST,CZE,48.93668905142081
EST,DEU,848.3419922193564
EST,DNK,400.0306739233817
EST,ESP,248.658194476062
EST,EST,36253.67714889612
EST,FIN,2282.718670845771
EST,FRA,256.7021575714493
EST,GBR,457.5466058223532
EST,GRC,27.75700309631155
EST,HRV,5.484916269960637
EST,HUN,49.65291763849253
EST,IDN,2.092347999359843
EST,IND,58.27966006560502
EST,IRL,57.77211050675658
EST,ITA,157.2480188236186
EST,JPN,125.798050184657
EST,KOR,107.8382420669322
EST,LTU,614.1897254971821
EST,LVA,1035.128789814214
EST,MEX,69.62629152764271
EST,NLD,266.7528829257532
EST,NOR,908.9233140443213
EST,POL,258.7731994400373
EST,PRT,28.27226895482185
EST,ROU,24.60437442599114
EST,ROW,3383.618361346633
EST,RUS,1880.923257609144
EST,SVK,31.33985945802863
EST,SVN,12.91717930967494
EST,SWE,3021.807556484598
EST,TUR,55.0007679372145
EST,TWN,8.686806025160768
EST,USA,429.2013803203334
FIN,AUS,849.5865116514157
FIN,AUT,767.7841101827252
FIN,BEL,2452.053508678258
FIN,BGR,71.23542735526956
FIN,BRA,714.4732732483584
FIN,CAN,1526.441390672009
FIN,CHE,1251.155027343685
FIN,CHN,4839.966357981481
FIN,CZE,391.021119982701
FIN,DEU,10702.03183848895
FIN,DNK,1825.440726770597
FIN,ESP,1383.572756405816
FIN,EST,1940.117018088646
FIN,FIN,413204.6135019263
FIN,FRA,2621.125956004512
FIN,GBR,4287.934863000552
FIN,GRC,189.937790256808
FIN,HRV,48.67098220061581
FIN,HUN,331.7347745840339
FIN,IDN,745.6805592238319
FIN,IND,565.0806182714566
FIN,IRL,1234.957223256027
FIN,ITA,2071.441804392196
FIN,JPN,1882.467911206789
FIN,KOR,1993.042071686137
FIN,LTU,495.0774849125505
FIN,LVA,767.9688217386881
FIN,MEX,574.1079446991326
FIN,NLD,3949.238332967886
FIN,NOR,2653.782025510094
FIN,POL,1951.724231199729
FIN,PRT,157.414270597692
FIN,ROU,192.1700092281529
FIN,ROW,18744.20897454414
FIN,RUS,5761.081301942329
FIN,SVK,146.8559228525128
FIN,SVN,60.53906386424155
FIN,SWE,11712.99075978261
FIN,TUR,1240.046241056713
FIN,TWN,204.1196484455226
FIN,USA,7165.180168146062
FRA,AUS,4665.944289477045
FRA,AUT,5351.660361627309
FRA,BEL,45636.59076077162
FRA,BGR,1142.871981788504
FRA,BRA,8791.630380471819
FRA,CAN,7370.903844005541
FRA,CHE,17659.41609652793
FRA,CHN,30153.39906079496
FRA,CZE,5344.889569585326
FRA,DEU,97351.59379796413
FRA,DNK,4969.116342548615
FRA,ESP,50790.35006606737
FRA,EST,353.907390579891
FRA,FIN,2663.241624710286
FRA,FRA,4260544.256348928
FRA,GBR,60106.67797730713
FRA,GRC,3541.864340895376
FRA,HRV,509.0290619899348
FRA,HUN,4503.336374981343
FRA,IDN,2800.760602252087
FRA,IND,6241.486954972779
FRA,IRL,5654.109244092358
FRA,ITA,48672.38356926611
FRA,JPN,11412.67048788815
FRA,KOR,10243.56376830018
FRA,LTU,649.2782188985619
FRA,LVA,336.9226055173569
FRA,MEX,4184.638095121486
FRA,NLD,24858.81144851871
FRA,NOR,5482.746535990957
FRA,POL,10596.72640920214
FRA,PRT,6859.757705659921
FRA,ROU,4161.165067856688
FRA,ROW,180705.2998549447
FRA,RUS,11556.30937606594
FRA,SVK,3086.227430300206
FRA,SVN,983.1511946644549
FRA,SWE,8409.424317097506
FRA,TUR,9602.99506496739
FRA,TWN,2599.943679522842
FRA,USA,49649.61915344762
GBR,AUS,8989.804699579738
GBR,AUT,3485.621038465003
GBR,BEL,44802.06818427973
GBR,BGR,753.8052999658257
GBR,BRA,5091.20859062476
GBR,CAN,17522.60977217203
GBR,CHE,19448.52991562268
GBR,CHN,27405.20146213331
GBR,CZE,3060.097575712481
GBR,DEU,54146.97774131939
GBR,DNK,8100.880107630128
GBR,ESP,12958.93599256616
GBR,EST,475.6783409634795
GBR,FIN,3784.105102372061
GBR,FRA,46573.37581586122
GBR,GBR,4531864.10792338
GBR,GRC,2627.050581544506
GBR,HRV,521.0510523847844
GBR,HUN,2121.612554298526
GBR,IDN,971.6476623865422
GBR,IND,7260.365491480187
GBR,IRL,34477.29073159704
GBR,ITA,21797.76812152798
GBR,JPN,9918.695228535811
GBR,KOR,9693.984727923333
GBR,LTU,544.3797998139008
GBR,LVA,464.9017792366046
GBR,MEX,2784.308607760667
GBR,NLD,23602.42488593702
GBR,NOR,11425.60471509653
GBR,POL,7152.805587368494
GBR,PRT,3050.172097702861
GBR,ROU,1566.604676911621
GBR,ROW,233949.5327873875
GBR,RUS,14235.62670622916
GBR,SVK,809.6747212024701
GBR,SVN,421.3770318495468
GBR,SWE,11768.62348878145
GBR,TUR,6081.746740551252
GBR,TWN,2228.330832890148
GBR,USA,85559.14991700977
GRC,AUS,116.8472586097274
GRC,AUT,205.925741643706
GRC,BEL,564.4401032309858
GRC,BGR,1283.807921951827
GRC,BRA,52.46378392612986
GRC,CAN,113.0069757939301
GRC,CHE,339.8068106507824
GRC,CHN,471.694414230101
GRC,CZE,140.3749462243839
GRC,DEU,1987.453256021745
GRC,DNK,161.8951312684745
GRC,ESP,598.4665350212761
GRC,EST,22.12754294041014
GRC,FIN,109.1315875762294
GRC,FRA,692.237997700773
GRC,GBR,1778.913118418001
GRC,GRC,319005.7080229307
GRC,HRV,76.11088067419836
GRC,HUN,86.64733341460321
GRC,IDN,101.8805502866226
GRC,IND,288.3938749347074
GRC,IRL,52.15204413022865
GRC,ITA,2540.953263993502
GRC,JPN,203.1798770867126
GRC,KOR,439.5213213899565
GRC,LTU,33.48775901684468
GRC,LVA,8.2532939227696
GRC,MEX,101.3652746523431
GRC,NLD,369.9113975212381
GRC,NOR,54.48555504361131
GRC,POL,316.532342588523
GRC,PRT,90.01724713271214
GRC,ROU,637.499631502601
GRC,ROW,34023.42279924209
GRC,RUS,228.0267601922053
GRC,SVK,63.28985726818298
GRC,SVN,83.62101164882806
GRC,SWE,243.221521621488
GRC,TUR,6542.617549307535
GRC,TWN,131.7777991080577
GRC,USA,905.6305783275784
HRV,AUS,49.02846650274262
HRV,AUT,1267.01269945397
HRV,BEL,697.7188484360966
HRV,BGR,114.4791065245946
HRV,BRA,16.75779884801444
HRV,CAN,90.20350400853877
HRV,CHE,251.1672256630042
HRV,CHN,130.6385558419338
HRV,CZE,232.253372947054
HRV,DEU,1859.695773109319
HRV,DNK,160.3804374714355
HRV,ESP,219.0649639517854
HRV,EST,6.562411563353808
HRV,FIN,36.66891097646561
HRV,FRA,405.7474500334483
HRV,GBR,547.8598897944534
HRV,GRC,243.5937442369965
HRV,HRV,74150.35137740531
HRV,HUN,675.5034091551653
HRV,IDN,30.23653574564783
HRV,IND,16.22975349292944
HRV,IRL,59.25559332448667
HRV,ITA,2317.134164132315
HRV,JPN,73.39439085658884
HRV,KOR,19.35999601021884
HRV,LTU,14.43916772767022
HRV,LVA,13.73049702011898
HRV,MEX,34.81230261099106
HRV,NLD,215.6924093604963
HRV,NOR,183.7892123680553
HRV,POL,255.9181028808794
HRV,PRT,49.78898775681381
HRV,ROU,147.6150237014479
HRV,ROW,9917.242965001718
HRV,RUS,188.4698004072467
HRV,SVK,219.9019052373198
HRV,SVN,1457.47093337592
HRV,SWE,291.2947906474979
HRV,TUR,130.3427277566763
HRV,TWN,7.717921257609931
HRV,USA,620.3796079301025
HUN,AUS,418.2881211173059
HUN,AUT,6197.631396930191
HUN,BEL,2205.364116577239
HUN,BGR,1049.671323814934
HUN,BRA,440.0929130730256
HUN,CAN,467.806620003235
HUN,CHE,1404.697117560715
HUN,CHN,2493.096500784751
HUN,CZE,3667.039642309012
HUN,DEU,29961.96184356632
HUN,DNK,947.4532591248358
HUN,ESP,2903.843619773511
HUN,EST,224.4574608974852
HUN,FIN,526.349748770112
HUN,FRA,4871.828883853084
HUN,GBR,4520.898966656686
HUN,GRC,408.6937005133893
HUN,HRV,1128.556778898344
HUN,HUN,167990.6362476767
HUN,IDN,51.0432308725943
HUN,IND,190.1161204199262
HUN,IRL,647.7210198269053
HUN,ITA,6024.916859431719
HUN,JPN,842.4210359654453
HUN,KOR,654.2794472375529
HUN,LTU,231.2712289571778
HUN,LVA,158.7230324631745
HUN,MEX,784.1843783504581
HUN,NLD,2538.036453610872
HUN,NOR,405.7452632510265
HUN,POL,4139.298242311979
HUN,PRT,330.3878813367044
HUN,ROU,5872.467916850361
HUN,ROW,14549.93518492272
HUN,RUS,1855.832426120081
HUN,SVK,4026.022912155348
HUN,SVN,890.4848480862745
HUN,SWE,1588.601546735744
HUN,TUR,1738.568902084389
HUN,TWN,148.5612398168781
HUN,USA,4944.885534031234
IDN,AUS,6340.304260943931
IDN,AUT,145.7696703529136
IDN,BEL,719.4339515396077
IDN,BGR,66.37774318717906
IDN,BRA,2737.982786338323
IDN,CAN,1607.320583774783
IDN,CHE,169.9054962820928
IDN,CHN,20986.82016430139
IDN,CZE,136.9136129752053
IDN,DEU,4077.237032304267
IDN,DNK,291.3682124942379
IDN,ESP,2092.77170275577
IDN,EST,70.19905242012051
IDN,FIN,163.5489833176303
IDN,FRA,1721.90655724662
IDN,GBR,2055.712468367912
IDN,GRC,187.6496512283785
IDN,HRV,21.24528618454117
IDN,HUN,127.9838270918405
IDN,IDN,1503743.763403697
IDN,IND,8002.839256888016
IDN,IRL,155.8508080549451
IDN,ITA,2370.489013166383
IDN,JPN,25364.94721830435
IDN,KOR,10661.13736110166
IDN,LTU,31.57524912196702
IDN,LVA,28.52883719530242
IDN,MEX,1377.248364579798
IDN,NLD,3682.915751995115
IDN,NOR,148.962265065311
IDN,POL,571.2755687649957
IDN,PRT,168.687848268264
IDN,ROU,96.69467829354441
IDN,ROW,83895.28241001896
IDN,RUS,967.9308825313318
IDN,SVK,37.21303968318352
IDN,SVN,89.25758316677168
IDN,SWE,213.1371246571857
IDN,TUR,2016.135191175897
IDN,TWN,7493.013615151549
IDN,USA,19505.73378173823
IND,AUS,2703.494445989904
IND,AUT,617.2406321251871
IND,BEL,2738.38206891588
IND,BGR,193.995436276145
IND,BRA,7085.471514493074
IND,CAN,2649.761658163902
IND,CHE,1055.820001325112
IND,CHN,17736.62091685268
IND,CZE,457.6182307341219
IND,DEU,8637.683659750299
IND,DNK,1152.494496595824
IND,ESP,2983.383874571424
IND,EST,60.56336157790478
IND,FIN,1045.91532985095
IND,FRA,6632.669503681222
IND,GBR,12221.42717357482
IND,GRC,416.1655468655704
IND,HRV,134.6710429874425
IND,HUN,275.9273399324274
IND,IDN,4171.847059697899
IND,IND,3614236.973011055
IND,IRL,404.8220044483369
IND,ITA,4883.10438581614
IND,JPN,5644.394819152614
IND,KOR,5225.807697547188
IND,LTU,72.13723625649217
IND,LVA,52.30313937758464
IND,MEX,3636.83211639209
IND,NLD,3904.820436476532
IND,NOR,500.1550297005439
IND,POL,1192.252451918302
IND,PRT,578.3736050547029
IND,ROU,241.933353713198
IND,ROW,219036.9844073168
IND,RUS,2098.141491155482
IND,SVK,143.6262655956725
IND,SVN,141.0214914481746
IND,SWE,1589.364798723017
IND,TUR,7432.73806682964
IND,TWN,3159.760379054765
IND,USA,36546.80473735187
IRL,AUS,1820.664915637901
IRL,AUT,1232.371944942155
IRL,BEL,10360.20316859913
IRL,BGR,178.3767008705937
IRL,BRA,1278.600565828873
IRL,CAN,2696.318607510783
IRL,CHE,10285.40512650322
IRL,CHN,5842.804444270574
IRL,CZE,886.7160343054426
IRL,DEU,15168.51339452776
IRL,DNK,2376.653647152711
IRL,ESP,5070.772014821986
IRL,EST,68.0570157904731
IRL,FIN,1134.892684517197
IRL,FRA,10431.29946990687
IRL,GBR,37294.92587841245
IRL,GRC,773.4079393987149
IRL,HRV,79.73266049997042
IRL,HUN,693.0836016266562
IRL,IDN,137.4141801866212
IRL,IND,508.7792330565798
IRL,IRL,248858.4793053544
IRL,ITA,7802.962946980463
IRL,JPN,2470.419111540772
IRL,KOR,1715.028826085222
IRL,LTU,75.28858504438089
IRL,LVA,159.7308009993353
IRL,MEX,1736.155743205668
IRL,NLD,7669.382147618444
IRL,NOR,1412.339650778135
IRL,POL,2158.033552605717
IRL,PRT,1042.730271519676
IRL,ROU,453.8479271113605
IRL,ROW,88568.64340875634
IRL,RUS,1977.983493239499
IRL,SVK,158.172525475239
IRL,SVN,85.03055012288665
IRL,SWE,3935.23618635252
IRL,TUR,540.288751559327
IRL,TWN,511.1704702636303
IRL,USA,31959.71185375659
ITA,AUS,5643.114569987993
ITA,AUT,11193.51916975987
ITA,BEL,13173.98723005116
ITA,BGR,2225.523648173488
ITA,BRA,7566.237376158472
ITA,CAN,6682.239328245723
ITA,CHE,24098.32236625028
ITA,CHN,18456.16922455902
ITA,CZE,5688.883093613157
ITA,DEU,76512.05831347137
ITA,DNK,4217.800794283579
ITA,ESP,25622.32656168844
ITA,EST,479.6940128272801
ITA,FIN,2379.050708500385
ITA,FRA,62636.78689336489
ITA,GBR,33780.25683097802
ITA,GRC,5956.966930366777
ITA,HRV,2922.286065368788
ITA,HUN,4681.633751359932
ITA,IDN,1709.478451510213
ITA,IND,3792.806412431125
ITA,IRL,3523.899982948629
ITA,ITA,3486816.88488485
ITA,JPN,8512.556475327894
ITA,KOR,7274.681019514886
ITA,LTU,949.9419285400641
ITA,LVA,501.4305838899098
ITA,MEX,5663.055193195049
ITA,NLD,9829.235532788342
ITA,NOR,2629.891885337994
ITA,POL,13243.21692422789
ITA,PRT,3950.183162710263
ITA,ROU,7488.786942144436
ITA,ROW,115206.3917146263
ITA,RUS,16788.13477982697
ITA,SVK,2869.038092578821
ITA,SVN,3782.054318445978
ITA,SWE,5944.3476729025
ITA,TUR,14347.261397262
ITA,TWN,1629.788417485592
ITA,USA,45251.02378743354
JPN,AUS,14949.63572873829
JPN,AUT,1244.703485030007
JPN,BEL,4132.971065564747
JPN,BGR,83.70076359116874
JPN,BRA,5558.172906474321
JPN,CAN,11499.65590028787
JPN,CHE,2495.058726108591
JPN,CHN,129230.0298610066
JPN,CZE,1396.34251277571
JPN,DEU,20382.81921589577
JPN,DNK,512.0908320884496
JPN,ESP,2793.761883862791
JPN,EST,128.4530858285638
JPN,FIN,545.5498407702484
JPN,FRA,6977.817805892435
JPN,GBR,9646.604995512562
JPN,GRC,240.9920824331292
JPN,HRV,27.48348232696613
JPN,HUN,1145.916753327575
JPN,IDN,16155.14116994557
JPN,IND,8031.353734356757
JPN,IRL,2485.244847035293
JPN,ITA,3134.968348105934
JPN,JPN,7852270.215390366
JPN,KOR,56449.37174873152
JPN,LTU,33.4286550925933
JPN,LVA,24.73830035053093
JPN,MEX,14993.03672108165
JPN,NLD,7892.546183650094
JPN,NOR,1476.367759364472
JPN,POL,2016.676554270353
JPN,PRT,342.4718256418262
JPN,ROU,233.4146387946049
JPN,ROW,306221.0007537623
JPN,RUS,14597.24064053311
JPN,SVK,366.5267774457271
JPN,SVN,101.4376612260378
JPN,SWE,1523.957798135547
JPN,TUR,2586.963875822548
JPN,TWN,44808.57039675768
JPN,USA,121143.6437500684
KOR,AUS,11378.87895933042
KOR,AUT,1077.089847266309
KOR,BEL,2843.148536747824
KOR,BGR,126.0086484475003
KOR,BRA,12166.67606845686
KOR,CAN,7366.26093862888
KOR,CHE,707.4601239427305
KOR,CHN,168773.3797622998
KOR,CZE,2147.741114356244
KOR,DEU,9916.88538409379
KOR,DNK,1769.847725134853
KOR,ESP,2435.494234002365
KOR,EST,114.3164480402941
KOR,FIN,575.113739247379
KOR,FRA,4315.937674451303
KOR,GBR,7847.720183588839
KOR,GRC,2961.722788253862
KOR,HRV,115.3593098383405
KOR,HUN,1909.954787617514
KOR,IDN,13489.01277131977
KOR,IND,12064.576786379
KOR,IRL,787.4268362167152
KOR,ITA,3787.571896894538
KOR,JPN,44234.63743074827
KOR,KOR,2707497.141835676
KOR,LTU,172.0774816541285
KOR,LVA,64.30782099225682
KOR,MEX,14042.81680650415
KOR,NLD,4139.477704672102
KOR,NOR,2428.14824059824
KOR,POL,4772.017912769438
KOR,PRT,431.9000950828619
KOR,ROU,576.0347481444361
KOR,ROW,226871.3798098917
KOR,RUS,15052.12568197162
KOR,SVK,3991.248251247755
KOR,SVN,915.8877870292235
KOR,SWE,1085.601367604904
KOR,TUR,9521.28754377244
KOR,TWN,22617.17285583777
KOR,USA,78341.35488561798
LTU,AUS,64.16506409526936
LTU,AUT,286.1646396215119
LTU,BEL,577.3703273915293
LTU,BGR,39.46839908861506
LTU,BRA,15.21239068322503
LTU,CAN,239.8733000989554
LTU,CHE,150.7283075903943
LTU,CHN,159.6796219302518
LTU,CZE,200.0783306326011
LTU,DEU,2497.4643976118
LTU,DNK,909.0804114874566
LTU,ESP,273.3725232911709
LTU,EST,896.6522660219637
LTU,FIN,374.0178299028635
LTU,FRA,1034.029968072276
LTU,GBR,1266.245351649709
LTU,GRC,32.38330730261538
LTU,HRV,9.002381095850831
LTU,HUN,162.0829841868069
LTU,IDN,6.612440408656109
LTU,IND,65.51102474715334
LTU,IRL,82.78755019822663
LTU,ITA,596.779143865598
LTU,JPN,52.76043513170513
LTU,KOR,35.94298099460502
LTU,LTU,53468.15721275754
LTU,LVA,1957.785279814154
LTU,MEX,19.0347883047387
LTU,NLD,1102.702218474485
LTU,NOR,906.7940403496776
LTU,POL,1719.309292671847
LTU,PRT,74.00205586352541
LTU,ROU,54.3387807588755
LTU,ROW,11293.44658547571
LTU,RUS,2710.782989508624
LTU,SVK,69.15191949805518
LTU,SVN,102.0193095736778
LTU,SWE,1018.416975071964
LTU,TUR,109.2937543539291
LTU,TWN,11.12547293655252
LTU,USA,1546.856448848443
LVA,AUS,12.08457181565315
LVA,AUT,148.7135230061222
LVA,BEL,224.7377643240197
LVA,BGR,18.19374962807817
LVA,BRA,4.206783744927723
LVA,CAN,49.55778714372574
LVA,CHE,490.2426129962059
LVA,CHN,94.68137414940394
LVA,CZE,86.72328008512714
LVA,DEU,882.8399830778053
LVA,DNK,502.4048941602895
LVA,ESP,237.131976236789
LVA,EST,1036.915444587569
LVA,FIN,296.9067646883224
LVA,FRA,348.9553975330219
LVA,GBR,668.8923048567125
LVA,GRC,38.6959657601318
LVA,HRV,3.705893916196824
LVA,HUN,44.04720006672829
LVA,IDN,.8694419340261317
LVA,IND,15.56362367232502
LVA,IRL,74.05992706624836
LVA,ITA,180.4029755625322
LVA,JPN,44.288057126698
LVA,KOR,57.51700010671409
LVA,LTU,1234.515884088961
LVA,LVA,50195.37608564755
LVA,MEX,7.245241794333985
LVA,NLD,280.7640395198398
LVA,NOR,456.0298008705828
LVA,POL,393.376504346494
LVA,PRT,13.39891505748895
LVA,ROU,18.35779652709551
LVA,ROW,4339.737805409294
LVA,RUS,1228.319954581272
LVA,SVK,39.69850275572846
LVA,SVN,40.47929247298608
LVA,SWE,829.9746034033352
LVA,TUR,62.22959062229588
LVA,TWN,3.780706005168258
LVA,USA,208.6257248277708
MEX,AUS,1641.749241631214
MEX,AUT,204.6181321014198
MEX,BEL,1248.518702430008
MEX,BGR,13.31004994849885
MEX,BRA,5336.117983490266
MEX,CAN,19757.22463267573
MEX,CHE,1097.943520181308
MEX,CHN,7395.22361470531
MEX,CZE,353.7969579094438
MEX,DEU,4139.340116740488
MEX,DNK,187.5338836231653
MEX,ESP,6553.533385642145
MEX,EST,13.5865565478876
MEX,FIN,122.3371612859452
MEX,FRA,2103.915184607175
MEX,GBR,2094.349858335901
MEX,GRC,29.74624502523668
MEX,HRV,5.328603815767618
MEX,HUN,192.6652375580262
MEX,IDN,179.0044222440313
MEX,IND,2647.235506436088
MEX,IRL,470.4103726932887
MEX,ITA,1442.358548527925
MEX,JPN,4481.033315052314
MEX,KOR,2902.947369345115
MEX,LTU,75.28482955589404
MEX,LVA,22.91097318202467
MEX,MEX,1766666.928286647
MEX,NLD,993.0865252229008
MEX,NOR,146.4718408742215
MEX,POL,300.5844544462712
MEX,PRT,59.52353567189342
MEX,ROU,92.44481557968066
MEX,ROW,32672.75832985635
MEX,RUS,249.3285628270948
MEX,SVK,50.44947551644149
MEX,SVN,17.1200687291118
MEX,SWE,118.0653142571237
MEX,TUR,839.5935501857517
MEX,TWN,568.3016794789578
MEX,USA,267365.5090890021
NLD,AUS,3392.948345411466
NLD,AUT,4427.302988385379
NLD,BEL,49652.37748319332
NLD,BGR,637.3286353375622
NLD,BRA,4370.105918433382
NLD,CAN,2938.839562388682
NLD,CHE,7618.290632570482
NLD,CHN,14187.93996210591
NLD,CZE,4129.428051495246
NLD,DEU,147467.3912407506
NLD,DNK,5730.365666376007
NLD,ESP,11474.29807652323
NLD,EST,623.5716843834479
NLD,FIN,4210.480328985198
NLD,FRA,43092.13949837613
NLD,GBR,43525.29696707088
NLD,GRC,2144.191252996207
NLD,HRV,483.1524295854872
NLD,HUN,2869.502936478582
NLD,IDN,1095.369330887587
NLD,IND,2466.415523371217
NLD,IRL,13086.12157098962
NLD,ITA,28790.26932527306
NLD,JPN,3208.868610988146
NLD,KOR,3130.913101609817
NLD,LTU,800.7700072777388
NLD,LVA,438.9897233035199
NLD,MEX,1845.070547756965
NLD,NLD,1096109.658565596
NLD,NOR,4719.138137147801
NLD,POL,7249.230212794411
NLD,PRT,2416.895448427463
NLD,ROU,1619.863738643146
NLD,ROW,102358.143137908
NLD,RUS,6273.531896104288
NLD,SVK,1166.876323460979
NLD,SVN,530.4964120152307
NLD,SWE,8343.561400135015
NLD,TUR,3746.745661344836
NLD,TWN,2239.428981317712
NLD,USA,26616.6184665585
NOR,AUS,522.6181685434434
NOR,AUT,396.5954362425129
NOR,BEL,4992.407653872685
NOR,BGR,42.74494485712046
NOR,BRA,3724.663136068335
NOR,CAN,2327.483914483948
NOR,CHE,402.0891780509057
NOR,CHN,4572.708939462366
NOR,CZE,205.6016763910471
NOR,DEU,20158.30915675515
NOR,DNK,7032.55126164265
NOR,ESP,4737.469026027429
NOR,EST,223.0639394689519
NOR,FIN,3182.18941044819
NOR,FRA,12246.25091721191
NOR,GBR,25676.25620379655
NOR,GRC,273.0820662847552
NOR,HRV,56.32087418013132
NOR,HUN,122.7868118954607
NOR,IDN,211.655897788135
NOR,IND,429.8694957395813
NOR,IRL,1222.827990067482
NOR,ITA,1716.1603910406
NOR,JPN,2252.075449123051
NOR,KOR,3355.032470496552
NOR,LTU,799.1949238617337
NOR,LVA,160.381540419193
NOR,MEX,235.3316282189006
NOR,NLD,4142.299036322809
NOR,NOR,649472.4802231084
NOR,POL,3113.895215140225
NOR,PRT,255.4075316855314
NOR,ROU,164.5917664408967
NOR,ROW,55505.49526533986
NOR,RUS,3129.904066040478
NOR,SVK,30.72982390036529
NOR,SVN,21.21961405813929
NOR,SWE,12312.41990893582
NOR,TUR,1089.653859053776
NOR,TWN,387.8000168175183
NOR,USA,6699.511306235644
POL,AUS,812.7106244151389
POL,AUT,5136.148063781583
POL,BEL,7150.525065687223
POL,BGR,1065.701645991203
POL,BRA,701.7657810222623
POL,CAN,1760.216700809056
POL,CHE,3611.5628647689
POL,CHN,3183.27649604477
POL,CZE,13351.02885992967
POL,DEU,63311.91917725743
POL,DNK,4624.790690662669
POL,ESP,6423.592176869673
POL,EST,1623.025521195817
POL,FIN,2281.032045811057
POL,FRA,13657.06325491712
POL,GBR,14175.78052955219
POL,GRC,858.2601497159911
POL,HRV,553.0649837149512
POL,HUN,5703.679438958067
POL,IDN,193.8960570133813
POL,IND,469.6743222989244
POL,IRL,1339.507613468147
POL,ITA,11273.96226902803
POL,JPN,1022.507230356097
POL,KOR,1314.113377626792
POL,LTU,3004.80799279619
POL,LVA,1507.645877357919
POL,MEX,826.9499723599491
POL,NLD,8285.975231280743
POL,NOR,3486.328317553404
POL,POL,853802.2976049269
POL,PRT,758.7855336423486
POL,ROU,3568.561633949719
POL,ROW,31998.39099870868
POL,RUS,9608.154178053494
POL,SVK,5470.661871086488
POL,SVN,776.2301086725016
POL,SWE,7387.151636538665
POL,TUR,3836.796383154707
POL,TWN,250.5028620014109
POL,USA,5275.825500958069
PRT,AUS,191.148833185198
PRT,AUT,582.6863190446904
PRT,BEL,2187.794287497422
PRT,BGR,88.1339918378988
PRT,BRA,1997.90677577242
PRT,CAN,467.9493247975153
PRT,CHE,890.0809657990958
PRT,CHN,990.7833932262048
PRT,CZE,351.4178881112562
PRT,DEU,5607.276195160432
PRT,DNK,317.8095447305155
PRT,ESP,12236.03178791147
PRT,EST,28.46903172775324
PRT,FIN,263.6102993498518
PRT,FRA,6541.93459671136
PRT,GBR,3805.352586085175
PRT,GRC,217.9115393496709
PRT,HRV,20.48636952650045
PRT,HUN,247.9773183446574
PRT,IDN,67.24126358676534
PRT,IND,80.42026995989291
PRT,IRL,383.3130911737347
PRT,ITA,2250.982227917241
PRT,JPN,204.2266283681756
PRT,KOR,150.6319293443164
PRT,LTU,33.0985210564347
PRT,LVA,15.3508832934019
PRT,MEX,366.9423130914864
PRT,NLD,1516.328480049341
PRT,NOR,389.5759206574917
PRT,POL,513.0683521814543
PRT,PRT,337647.9318366644
PRT,ROU,232.3915599218842
PRT,ROW,28385.58038076872
PRT,RUS,328.0352681235558
PRT,SVK,113.795662163887
PRT,SVN,43.26809314226029
PRT,SWE,637.0470333087284
PRT,TUR,630.2154910443121
PRT,TWN,131.6995299596867
PRT,USA,3124.98790284103
ROU,AUS,84.33038530337075
ROU,AUT,3386.768916263804
ROU,BEL,3169.512106947736
ROU,BGR,1678.45106088623
ROU,BRA,275.3269573169339
ROU,CAN,393.3746186480607
ROU,CHE,958.0658053841408
ROU,CHN,851.4864322752366
ROU,CZE,956.2493703736977
ROU,DEU,11997.27959047073
ROU,DNK,447.5419530701905
ROU,ESP,1750.222945741582
ROU,EST,100.0915373859299
ROU,FIN,187.2802012658045
ROU,FRA,4898.709944104404
ROU,GBR,2160.206224960246
ROU,GRC,722.8925949651363
ROU,HRV,172.4960078183949
ROU,HUN,2652.857510919353
ROU,IDN,24.51745356755994
ROU,IND,212.505224190519
ROU,IRL,274.9950028806037
ROU,ITA,7848.022762895955
ROU,JPN,280.0219697741004
ROU,KOR,399.138486769004
ROU,LTU,56.04882218294731
ROU,LVA,20.24687743021727
ROU,MEX,187.8317235838358
ROU,NLD,1590.741909887268
ROU,NOR,313.2872996807346
ROU,POL,1404.821563504802
ROU,PRT,170.558171026322
ROU,ROU,320632.356847021
ROU,ROW,20763.28796168091
ROU,RUS,1025.344604020638
ROU,SVK,711.9962329253801
ROU,SVN,255.8645292397902
ROU,SWE,915.9325132362171
ROU,TUR,2369.809658964346
ROU,TWN,42.4411832908742
ROU,USA,1937.179606291317
ROW,AUS,111103.9883519678
ROW,AUT,18714.39418865956
ROW,BEL,66300.26305290445
ROW,BGR,6988.817386761421
ROW,BRA,123922.4023032492
ROW,CAN,64881.03950856934
ROW,CHE,33864.01408578738
ROW,CHN,804254.2645513654
ROW,CZE,12395.59215063768
ROW,DEU,127779.9182172687
ROW,DNK,25129.31762041628
ROW,ESP,94911.06962053674
ROW,EST,1968.315930890823
ROW,FIN,8269.566855744319
ROW,FRA,117701.8160281773
ROW,GBR,117705.4599720139
ROW,GRC,22877.63928665464
ROW,HRV,4156.122471486864
ROW,HUN,12745.85818565847
ROW,IDN,95115.25337110985
ROW,IND,208539.382154083
ROW,IRL,49406.60676019228
ROW,ITA,95875.29049472272
ROW,JPN,366672.9558950062
ROW,KOR,215365.390383544
ROW,LTU,7694.283164231136
ROW,LVA,1765.231243499435
ROW,MEX,43764.26293708787
ROW,NLD,74585.75849576497
ROW,NOR,13546.07592280029
ROW,POL,19147.7550109682
ROW,PRT,14835.37823276706
ROW,ROU,12809.80876813738
ROW,ROW,21870744.83105367
ROW,RUS,84408.62081339645
ROW,SVK,12567.28588011297
ROW,SVN,3808.576619428629
ROW,SWE,15676.56713660687
ROW,TUR,54634.36157436078
ROW,TWN,109569.2111959274
ROW,USA,569792.3093456712
RUS,AUS,1053.830609274846
RUS,AUT,5395.955779579065
RUS,BEL,6293.61901035368
RUS,BGR,822.8259193210986
RUS,BRA,1875.374155307718
RUS,CAN,3509.048942449434
RUS,CHE,8161.842816765656
RUS,CHN,31123.00556935175
RUS,CZE,5335.719467427513
RUS,DEU,30034.05631973852
RUS,DNK,1101.714772932248
RUS,ESP,4549.028312147208
RUS,EST,827.8189365029048
RUS,FIN,6530.684417783104
RUS,FRA,7211.146986257503
RUS,GBR,9321.287555848752
RUS,GRC,1438.592832191618
RUS,HRV,810.6988646898078
RUS,HUN,1352.247647847132
RUS,IDN,1191.713604381662
RUS,IND,3490.956394349545
RUS,IRL,1793.012324939835
RUS,ITA,13168.76401777214
RUS,JPN,22710.71633695968
RUS,KOR,8194.976118475624
RUS,LTU,4632.714438573086
RUS,LVA,1276.304580665643
RUS,MEX,500.7320106806245
RUS,NLD,3497.161348100625
RUS,NOR,1232.490799646122
RUS,POL,19870.03328620429
RUS,PRT,392.185002881992
RUS,ROU,3559.318916161962
RUS,ROW,249357.9739313056
RUS,RUS,2887290.275245429
RUS,SVK,2135.613358833355
RUS,SVN,225.435996159393
RUS,SWE,5558.276984799
RUS,TUR,9415.795638277568
RUS,TWN,85.36591192850312
RUS,USA,14751.05224260127
SVK,AUS,534.7076431105656
SVK,AUT,4464.529992236143
SVK,BEL,1411.638035856876
SVK,BGR,318.1235462681645
SVK,BRA,131.9894851252435
SVK,CAN,291.9118182461867
SVK,CHE,1114.693181212937
SVK,CHN,2778.351047293027
SVK,CZE,7685.825853310588
SVK,DEU,15826.12218535348
SVK,DNK,437.340112436311
SVK,ESP,1676.664262660149
SVK,EST,69.4946809739178
SVK,FIN,218.6706058452123
SVK,FRA,3805.564853069732
SVK,GBR,4635.389084402989
SVK,GRC,183.694608821187
SVK,HRV,321.8528686380095
SVK,HUN,4144.575532083389
SVK,IDN,8.490505168283141
SVK,IND,37.84194002549618
SVK,IRL,401.5423161071109
SVK,ITA,3897.97933555003
SVK,JPN,160.0121776444156
SVK,KOR,332.1234002463908
SVK,LTU,144.528876191703
SVK,LVA,95.20533203015417
SVK,MEX,128.2868852352033
SVK,NLD,1444.557930380461
SVK,NOR,295.9948941557429
SVK,POL,5052.975926338636
SVK,PRT,190.3686036772093
SVK,ROU,1227.50785124771
SVK,ROW,11031.35100819773
SVK,RUS,3513.728326362593
SVK,SVK,147844.2725714956
SVK,SVN,446.2630058746439
SVK,SWE,1005.357368630835
SVK,TUR,1024.741806035286
SVK,TWN,38.56206270092849
SVK,USA,1590.897493867565
SVN,AUS,111.5653638039306
SVN,AUT,2632.208568917344
SVN,BEL,702.2475778095667
SVN,BGR,204.6213121566461
SVN,BRA,66.26036285539672
SVN,CAN,132.2528762060847
SVN,CHE,595.182005153417
SVN,CHN,240.4022883171706
SVN,CZE,614.0798618825726
SVN,DEU,5883.232736308545
SVN,DNK,268.5197527390308
SVN,ESP,350.2572142975735
SVN,EST,40.10704103607615
SVN,FIN,76.73956752429291
SVN,FRA,1559.339780030089
SVN,GBR,573.9395430168595
SVN,GRC,107.2726663143306
SVN,HRV,1701.865215042257
SVN,HUN,912.0230899950453
SVN,IDN,11.79399784329868
SVN,IND,74.15065358865159
SVN,IRL,73.39706729331186
SVN,ITA,3225.121583829425
SVN,JPN,49.88176340368516
SVN,KOR,98.742015029706
SVN,LTU,83.15695955881866
SVN,LVA,51.33164226035503
SVN,MEX,75.70742402955503
SVN,NLD,372.7049225081921
SVN,NOR,93.65021310646853
SVN,POL,850.5570737644041
SVN,PRT,64.38013216717968
SVN,ROU,416.403201497238
SVN,ROW,6354.201342100566
SVN,RUS,560.1776954143593
SVN,SVK,405.2519718809193
SVN,SVN,64561.90498887056
SVN,SWE,348.1141582881829
SVN,TUR,296.758271637449
SVN,TWN,17.99702289229283
SVN,USA,516.8869949820879
SWE,AUS,1887.786199454994
SWE,AUT,2149.578630321953
SWE,BEL,6798.385799320056
SWE,BGR,206.1818108040618
SWE,BRA,2161.744649574819
SWE,CAN,1819.61919487994
SWE,CHE,3340.227556123693
SWE,CHN,7539.159982157707
SWE,CZE,1331.805339516914
SWE,DEU,20438.00076261404
SWE,DNK,18233.0417561322
SWE,ESP,3352.390680933608
SWE,EST,1476.819145373925
SWE,FIN,14214.00493502518
SWE,FRA,8688.488209405932
SWE,GBR,12119.06443756526
SWE,GRC,481.5336590555112
SWE,HRV,144.295541854478
SWE,HUN,948.3721865677298
SWE,IDN,632.6147045160679
SWE,IND,1467.619257803034
SWE,IRL,1732.226956300136
SWE,ITA,4624.782967150712
SWE,JPN,2195.265601009676
SWE,KOR,2048.142223560952
SWE,LTU,765.9839490486112
SWE,LVA,499.9763088605943
SWE,MEX,934.971246154219
SWE,NLD,8272.347367012677
SWE,NOR,23062.68761003159
SWE,POL,4478.49682050621
SWE,PRT,850.2819259741156
SWE,ROU,421.7381935096602
SWE,ROW,55345.33885687744
SWE,RUS,4880.833853322668
SWE,SVK,381.2441511616306
SWE,SVN,162.5017238355637
SWE,SWE,782844.8558123197
SWE,TUR,1937.222354447654
SWE,TWN,633.3823327416268
SWE,USA,12695.58080242718
TUR,AUS,1041.610719691364
TUR,AUT,1913.603158163408
TUR,BEL,3665.136522287123
TUR,BGR,2647.491840435226
TUR,BRA,1701.815839022965
TUR,CAN,2145.811558918572
TUR,CHE,1556.239117437612
TUR,CHN,3677.915530949021
TUR,CZE,1357.621847989251
TUR,DEU,25716.73113470572
TUR,DNK,1464.718124205609
TUR,ESP,7335.070387312166
TUR,EST,220.9219412503689
TUR,FIN,623.9922228644331
TUR,FRA,10655.25063808205
TUR,GBR,12805.24624933903
TUR,GRC,2381.843967357207
TUR,HRV,372.6668000730097
TUR,HUN,1056.933454235916
TUR,IDN,1094.917618572107
TUR,IND,1306.005902737233
TUR,IRL,767.9696629853416
TUR,ITA,11226.23995306354
TUR,JPN,849.8582447922721
TUR,KOR,760.1343078808543
TUR,LTU,365.2151447060964
TUR,LVA,250.2486386859145
TUR,MEX,1078.769457239538
TUR,NLD,3805.834378372207
TUR,NOR,1043.971249184009
TUR,POL,3894.572249704627
TUR,PRT,780.2557886550782
TUR,ROU,3428.353047048858
TUR,ROW,107608.6193594968
TUR,RUS,15088.00632207131
TUR,SVK,716.4879169022615
TUR,SVN,823.0091838436476
TUR,SWE,2131.934170928605
TUR,TUR,1244750.264870101
TUR,TWN,268.446461149822
TUR,USA,10153.70683306982
TWN,AUS,5094.781941461382
TWN,AUT,598.6001597860377
TWN,BEL,1014.095613359533
TWN,BGR,120.9502101484269
TWN,BRA,4803.79850377059
TWN,CAN,5588.08217877532
TWN,CHE,825.1037727755239
TWN,CHN,120018.9991314966
TWN,CZE,734.6263694023434
TWN,DEU,7829.729989255551
TWN,DNK,456.4997586711209
TWN,ESP,1190.266679980498
TWN,EST,115.5270285018648
TWN,FIN,445.6813970189741
TWN,FRA,2657.040857089127
TWN,GBR,4895.907747048507
TWN,GRC,209.8644711013373
TWN,HRV,45.25628057788813
TWN,HUN,537.9961896582952
TWN,IDN,3955.523134351554
TWN,IND,3618.345420839433
TWN,IRL,426.5866914458976
TWN,ITA,2300.032497868668
TWN,JPN,23704.45969733195
TWN,KOR,12313.60447163756
TWN,LTU,48.37103839808779
TWN,LVA,34.45150429204323
TWN,MEX,5720.383269474445
TWN,NLD,2110.684830620061
TWN,NOR,711.6028176645924
TWN,POL,1237.898000301351
TWN,PRT,152.2711724422271
TWN,ROU,144.3841175089806
TWN,ROW,117413.0009910531
TWN,RUS,1221.944493281962
TWN,SVK,326.0489205295528
TWN,SVN,81.9170259680443
TWN,SWE,702.4149795550325
TWN,TUR,2466.202687844705
TWN,TWN,851835.8126245296
TWN,USA,34050.28621777336
USA,AUS,26812.97024372577
USA,AUT,4580.913431765188
USA,BEL,50685.28252781247
USA,BGR,545.514793029732
USA,BRA,40464.10374977862
USA,CAN,291929.794811749
USA,CHE,13414.99271101141
USA,CHN,112051.4089067581
USA,CZE,2745.704841260547
USA,DEU,79938.80086712497
USA,DNK,6836.652981237688
USA,ESP,10955.36259483061
USA,EST,251.955138755401
USA,FIN,6196.772005282131
USA,FRA,57719.64500044828
USA,GBR,73795.76447827938
USA,GRC,2273.760909671814
USA,HRV,479.8654883474464
USA,HUN,3402.395303279813
USA,IDN,5863.999927050633
USA,IND,16232.55540981184
USA,IRL,61755.95656754659
USA,ITA,19654.55526239348
USA,JPN,63598.21426934733
USA,KOR,43887.20848042562
USA,LTU,435.4656743926574
USA,LVA,233.4231282179086
USA,MEX,178587.1350979243
USA,NLD,47919.75895268162
USA,NOR,6563.829890295162
USA,POL,4602.217760023727
USA,PRT,1565.976430051115
USA,ROU,1222.769853833453
USA,ROW,643355.249578419
USA,RUS,7080.566716578596
USA,SVK,763.0764138517541
USA,SVN,372.4591508898549
USA,SWE,13598.37664863401
USA,TUR,8302.059527901447
USA,TWN,16414.97629167859
USA,USA,29053134.00448274
