destination n (rows) / origin i (columns),AUS,AUT,BEL,BGR,BRA,CAN,CHE,CHN,CZE,DEU,DNK,ESP,EST,FIN,FRA,GBR,GRC,HRV,HUN,IDN,IND,IRL,ITA,JPN,KOR,LTU,LVA,MEX,NLD,NOR,POL,PRT,ROU,ROW,RUS,SVK,SVN,SWE,TUR,TWN,USA
AUS,2437913.4547,1228.6894,3426.5766,36.9122,1164.054,2683.7789,3060.1863,48458.5463,590.4006,12142.8008,1273.1002,2495.8869,140.4497,849.5865,4665.9443,8989.8047,116.8473,49.0285,418.2881,6340.3043,2703.4944,1820.6649,5643.1146,14949.6357,11378.879,64.1651,12.0846,1641.7492,3392.9483,522.6182,812.7106,191.1488,84.3304,111103.9884,1053.8306,534.7076,111.5654,1887.7862,1041.6107,5094.7819,26812.9702
AUT,197.2133,598635.3417,5488.8791,921.1323,340.8781,620.4133,6705.9031,4242.4,7205.3092,77550.7895,798.458,2802.4038,118.3693,767.7841,5351.6604,3485.621,205.9257,1267.0127,6197.6314,145.7697,617.2406,1232.3719,11193.5192,1244.7035,1077.0898,286.1646,148.7135,204.6181,4427.303,396.5954,5136.1481,582.6863,3386.7689,18714.3942,5395.9558,4464.53,2632.2086,2149.5786,1913.6032,598.6002,4580.9134
BEL,738.5164,3154.9285,836791.6266,1672.5039,3150.6952,2722.0005,13543.7405,12714.9409,5076.59,52202.207,2372.3426,8702.9289,293.0837,2452.0535,45636.5908,44802.0682,564.4401,697.7188,2205.3641,719.434,2738.3821,10360.2032,13173.9872,4132.9711,2843.1485,577.3703,224.7378,1248.5187,49652.3775,4992.4077,7150.5251,2187.7943,3169.5121,66300.2631,6293.619,1411.638,702.2476,6798.3858,3665.1365,1014.0956,50685.2825
BGR,192.0598,1035.1409,789.9795,91174.2063,195.2435,149.9847,286.8431,1029.0205,842.2345,4149.7579,202.4696,2907.6471,37.6203,71.2354,1142.872,753.8053,1283.8079,114.4791,1049.6713,66.3777,193.9954,178.3767,2225.5236,83.7008,126.0086,39.4684,18.1937,13.31,637.3286,42.7449,1065.7016,88.134,1678.4511,6988.8174,822.8259,318.1235,204.6213,206.1818,2647.4918,120.9502,545.5148
BRA,1952.1762,1373.7514,2519.8823,37.5137,3833238.8949,2145.6892,2722.0122,38987.5908,463.5363,17775.4752,1113.7069,5157.2736,42.2307,714.4733,8791.6304,5091.2086,52.4638,16.7578,440.0929,2737.9828,7085.4715,1278.6006,7566.2374,5558.1729,12166.6761,15.2124,4.2068,5336.118,4370.1059,3724.6631,701.7658,1997.9068,275.327,123922.4023,1875.3742,131.9895,66.2604,2161.7446,1701.8158,4803.7985,40464.1037
CAN,1806.5404,1906.5589,2078.8863,85.9486,3495.0711,2692946.5235,5775.7308,49636.1731,419.9049,17148.2408,1516.1904,2868.8696,66.6405,1526.4414,7370.9038,17522.6098,113.007,90.2035,467.8066,1607.3206,2649.7617,2696.3186,6682.2393,11499.6559,7366.2609,239.8733,49.5578,19757.2246,2938.8396,2327.4839,1760.2167,467.9493,393.3746,64881.0395,3509.0489,291.9118,132.2529,1819.6192,2145.8116,5588.0822,291929.7948
CHE,1086.1231,10359.915,14056.9049,224.8009,560.593,1222.0192,1049093.5214,7292.8658,2469.5735,63954.7397,1517.5058,5278.5062,225.4544,1251.155,17659.4161,19448.5299,339.8068,251.1672,1404.6971,169.9055,1055.82,10285.4051,24098.3224,2495.0587,707.4601,150.7283,490.2426,1097.9435,7618.2906,402.0892,3611.5629,890.081,958.0658,33864.0141,8161.8428,1114.6932,595.182,3340.2276,1556.2391,825.1038,13414.9927
CHN,76645.1955,6561.155,9733.5259,816.408,41012.1752,17815.2936,10925.5924,29319958.623,3101.9063,122900.2854,7624.8194,5883.8106,177.7298,4839.9664,30153.3991,27405.2015,471.6944,130.6386,2493.0965,20986.8202,17736.6209,5842.8044,18456.1692,129230.0299,168773.3798,159.6796,94.6814,7395.2236,14187.94,4572.7089,3183.2765,990.7834,851.4864,804254.2646,31123.0056,2778.351,240.4023,7539.16,3677.9155,120018.9991,112051.4089
CZE,143.1069,5736.8203,3672.1246,420.9968,143.4217,191.7923,1451.9898,8897.8066,331202.0917,42855.074,796.8156,2461.553,48.9367,391.0211,5344.8896,3060.0976,140.3749,232.2534,3667.0396,136.9136,457.6182,886.716,5688.8831,1396.3425,2147.7411,200.0783,86.7233,353.797,4129.4281,205.6017,13351.0289,351.4179,956.2494,12395.5922,5335.7195,7685.8259,614.0799,1331.8053,1357.6218,734.6264,2745.7048
DEU,1601.5264,61746.1317,74055.6607,2877.7557,7024.7347,4154.9717,48316.9697,88464.5642,46695.8013,5388510.2566,19204.906,36647.2902,848.342,10702.0318,97351.5938,54146.9777,1987.4533,1859.6958,29961.9618,4077.237,8637.6837,15168.5134,76512.0583,20382.8192,9916.8854,2497.4644,882.84,4139.3401,147467.3912,20158.3092,63311.9192,5607.2762,11997.2796,127779.9182,30034.0563,15826.1222,5883.2327,20438.0008,25716.7311,7829.73,79938.8009
DNK,328.8599,1015.7422,3874.7817,186.8609,908.2987,484.1275,2021.1514,6198.9621,1702.422,24165.0845,444477.3785,2102.8356,400.0307,1825.4407,4969.1163,8100.8801,161.8951,160.3804,947.4533,291.3682,1152.4945,2376.6536,4217.8008,512.0908,1769.8477,909.0804,502.4049,187.5339,5730.3657,7032.5513,4624.7907,317.8095,447.542,25129.3176,1101.7148,437.3401,268.5198,18233.0418,1464.7181,456.4998,6836.653
ESP,673.8324,2903.5136,10046.0654,532.161,3302.001,1334.2113,7043.7624,21495.8606,3863.3234,50542.0425,2342.0453,2178900.1741,248.6582,1383.5728,50790.3501,12958.936,598.4665,219.065,2903.8436,2092.7717,2983.3839,5070.772,25622.3266,2793.7619,2435.4942,273.3725,237.132,6553.5334,11474.2981,4737.469,6423.5922,12236.0318,1750.2229,94911.0696,4549.0283,1676.6643,350.2572,3352.3907,7335.0704,1190.2667,10955.3626
EST,9.3767,144.726,353.5217,24.4191,50.0699,43.3862,149.235,1073.2603,214.3912,2139.2385,274.4908,168.7507,36253.6771,1940.117,353.9074,475.6783,22.1275,6.5624,224.4575,70.1991,60.5634,68.057,479.694,128.4531,114.3164,896.6523,1036.9154,13.5866,623.5717,223.0639,1623.0255,28.469,100.0915,1968.3159,827.8189,69.4947,40.107,1476.8191,220.9219,115.527,251.9551
FIN,107.7817,864.9789,2659.5217,146.8183,560.4541,724.2295,1280.7916,6870.4384,970.1852,15078.0037,4046.9465,1395.0702,2282.7187,413204.6135,2663.2416,3784.1051,109.1316,36.6689,526.3497,163.549,1045.9153,1134.8927,2379.0507,545.5498,575.1137,374.0178,296.9068,122.3372,4210.4803,3182.1894,2281.032,263.6103,187.2802,8269.5669,6530.6844,218.6706,76.7396,14214.0049,623.9922,445.6814,6196.772
FRA,1271.0622,7995.0104,52697.6262,1104.439,4870.5016,7212.0094,19763.9362,41291.3329,7592.2903,133787.9398,4525.6646,52167.9255,256.7022,2621.126,4260544.2563,46573.3758,692.238,405.7475,4871.8289,1721.9066,6632.6695,10431.2995,62636.7869,6977.8178,4315.9377,1034.03,348.9554,2103.9152,43092.1395,12246.2509,13657.0633,6541.9346,4898.7099,117701.816,7211.147,3805.5649,1559.3398,8688.4882,10655.2506,2657.0409,57719.645
GBR,3736.4228,5452.4674,31092.2976,767.224,4778.9629,13648.9394,12649.0815,51850.2872,6824.7671,103347.4815,10686.2802,21497.5995,457.5466,4287.9349,60106.678,4531864.1079,1778.9131,547.8599,4520.899,2055.7125,12221.4272,37294.9259,33780.2568,9646.605,7847.7202,1266.2454,668.8923,2094.3499,43525.297,25676.2562,14175.7805,3805.3526,2160.2062,117705.46,9321.2876,4635.3891,573.9395,12119.0644,12805.2462,4895.9077,73795.7645
GRC,41.4059,763.7435,2630.6407,1527.2534,182.8518,235.2018,1239.4432,4190.466,303.8726,7709.9732,626.4313,3123.2692,27.757,189.9378,3541.8643,2627.0506,319005.708,243.5937,408.6937,187.6497,416.1655,773.4079,5956.9669,240.9921,2961.7228,32.3833,38.696,29.7462,2144.1913,273.0821,858.2601,217.9115,722.8926,22877.6393,1438.5928,183.6946,107.2727,481.5337,2381.844,209.8645,2273.7609
HRV,7.1401,2229.1735,431.1359,100.3807,60.5264,48.5048,242.1171,713.9292,499.4099,3231.4028,131.683,311.0957,5.4849,48.671,509.0291,521.0511,76.1109,74150.3514,1128.5568,21.2453,134.671,79.7327,2922.2861,27.4835,115.3593,9.0024,3.7059,5.3286,483.1524,56.3209,553.065,20.4864,172.496,4156.1225,810.6989,321.8529,1701.8652,144.2955,372.6668,45.2563,479.8655
HUN,25.0009,6830.6504,2424.4659,384.3981,187.175,221.2413,1063.0057,5395.6497,4732.269,27182.8483,1881.8506,1476.729,49.6529,331.7348,4503.3364,2121.6126,86.6473,675.5034,167990.6362,127.9838,275.9273,693.0836,4681.6338,1145.9168,1909.9548,162.083,44.0472,192.6652,2869.5029,122.7868,5703.6794,247.9773,2652.8575,12745.8582,1352.2476,4144.5755,912.0231,948.3722,1056.9335,537.9962,3402.3953
IDN,6360.6046,328.1199,510.8953,41.4916,3475.7551,1354.9998,605.5264,34969.4674,202.8935,4214.9891,366.6633,565.5349,2.0923,745.6806,2800.7606,971.6477,101.8806,30.2365,51.0432,1503743.7634,4171.8471,137.4142,1709.4785,16155.1412,13489.0128,6.6124,0.8694,179.0044,1095.3693,211.6559,193.8961,67.2413,24.5175,95115.2534,1191.7136,8.4905,11.794,632.6147,1094.9176,3955.5231,5863.9999
IND,7844.1258,942.8672,1996.0927,53.9093,6890.6176,2636.2541,2774.4054,44869.4462,427.1166,13025.1787,1211.6632,1360.6697,58.2797,565.0806,6241.487,7260.3655,288.3939,16.2298,190.1161,8002.8393,3614236.973,508.7792,3792.8064,8031.3537,12064.5768,65.511,15.5636,2647.2355,2466.4155,429.8695,469.6743,80.4203,212.5052,208539.3822,3490.9564,37.8419,74.1507,1467.6193,1306.0059,3618.3454,16232.5554
IRL,230.4317,577.4874,6307.6578,95.0768,831.8308,1469.7535,2362.0996,3470.933,682.5592,9475.2027,780.9204,1910.5725,57.7721,1234.9572,5654.1092,34477.2907,52.152,59.2556,647.721,155.8508,404.822,248858.4793,3523.9,2485.2448,787.4268,82.7876,74.0599,470.4104,13086.1216,1222.828,1339.5076,383.3131,274.995,49406.6068,1793.0123,401.5423,73.3971,1732.227,767.9697,426.5867,61755.9566
ITA,886.5318,13121.1236,19997.6955,2345.9811,4089.933,3150.0548,16259.4478,28865.1437,5761.5645,84739.9657,2703.826,24343.5602,157.248,2071.4418,48672.3836,21797.7681,2540.9533,2317.1342,6024.9169,2370.489,4883.1044,7802.9629,3486816.8849,3134.9683,3787.5719,596.7791,180.403,1442.3585,28790.2693,1716.1604,11273.9623,2250.9822,7848.0228,95875.2905,13168.764,3897.9793,3225.1216,4624.783,11226.24,2300.0325,19654.5553
JPN,46272.2989,2064.4282,2889.4726,57.7283,9054.4933,14046.151,7175.5741,172861.117,682.2375,24756.9277,3461.4077,3858.1117,125.7981,1882.4679,11412.6705,9918.6952,203.1799,73.3944,842.421,25364.9472,5644.3948,2470.4191,8512.5565,7852270.2154,44234.6374,52.7604,44.2881,4481.0333,3208.8686,2252.0754,1022.5072,204.2266,280.022,366672.9559,22710.7163,160.0122,49.8818,2195.2656,849.8582,23704.4597,63598.2143
KOR,16057.8387,1523.0423,1547.994,114.7379,4341.4799,4701.6633,3150.7589,101923.9885,683.7693,25415.2506,1315.2624,3088.151,107.8382,1993.0421,10243.5638,9693.9847,439.5213,19.36,654.2794,10661.1374,5225.8077,1715.0288,7274.681,56449.3717,2707497.1418,35.943,57.517,2902.9474,3130.9131,3355.0325,1314.1134,150.6319,399.1385,215365.3904,8194.9761,332.1234,98.742,2048.1422,760.1343,12313.6045,43887.2085
LTU,7.6166,236.8157,758.1593,54.6933,45.8011,53.6419,139.5395,946.8745,459.7276,2752.2028,402.2254,495.1663,614.1897,495.0775,649.2782,544.3798,33.4878,14.4392,231.2712,31.5752,72.1372,75.2886,949.9419,33.4287,172.0775,53468.1572,1234.5159,75.2848,800.77,799.1949,3004.808,33.0985,56.0488,7694.2832,4632.7144,144.5289,83.157,765.9839,365.2151,48.371,435.4657
LVA,6.9884,214.6781,336.6822,34.5958,30.2675,33.1067,209.9464,653.8088,181.5341,1396.0274,329.1717,199.0555,1035.1288,767.9688,336.9226,464.9018,8.2533,13.7305,158.723,28.5288,52.3031,159.7308,501.4306,24.7383,64.3078,1957.7853,50195.3761,22.911,438.9897,160.3815,1507.6459,15.3509,20.2469,1765.2312,1276.3046,95.2053,51.3316,499.9763,250.2486,34.4515,233.4231
MEX,475.319,945.4195,1035.9345,42.2891,4855.5207,8237.1043,1618.4995,38329.6463,727.0516,14848.974,613.1438,5462.5168,69.6263,574.1079,4184.6381,2784.3086,101.3653,34.8123,784.1844,1377.2484,3636.8321,1736.1557,5663.0552,14993.0367,14042.8168,19.0348,7.2452,1766666.9283,1845.0705,235.3316,826.95,366.9423,187.8317,43764.2629,500.732,128.2869,75.7074,934.9712,1078.7695,5720.3833,178587.1351
NLD,941.4058,2858.44,40558.9518,487.6784,8682.3118,2161.7546,12116.6178,42640.3686,3385.1412,72853.245,3522.0004,8199.0074,266.7529,3949.2383,24858.8114,23602.4249,369.9114,215.6924,2538.0365,3682.9158,3904.8204,7669.3821,9829.2355,7892.5462,4139.4777,1102.7022,280.764,993.0865,1096109.6586,4142.299,8285.9752,1516.3285,1590.7419,74585.7585,3497.1613,1444.5579,372.7049,8272.3474,3805.8344,2110.6848,47919.759
NOR,205.0021,846.1374,3078.6083,59.9929,1707.8817,2395.4842,1534.1964,4562.5826,818.3318,12835.1739,9093.5112,1951.3731,908.9233,2653.782,5482.7465,11425.6047,54.4856,183.7892,405.7453,148.9623,500.155,1412.3397,2629.8919,1476.3678,2428.1482,906.794,456.0298,146.4718,4719.1381,649472.4802,3486.3283,389.5759,313.2873,13546.0759,1232.4908,295.9949,93.6502,23062.6876,1043.9712,711.6028,6563.8299
POL,475.3377,5138.1987,6367.8257,544.816,645.8299,475.665,2638.084,14316.2573,9415.1995,61603.5814,3053.4253,5438.7914,258.7732,1951.7242,10596.7264,7152.8056,316.5323,255.9181,4139.2982,571.2756,1192.2525,2158.0336,13243.2169,2016.6766,4772.0179,1719.3093,393.3765,300.5845,7249.2302,3113.8952,853802.2976,513.0684,1404.8216,19147.755,19870.0333,5052.9759,850.5571,4478.4968,3894.5722,1237.898,4602.2178
PRT,21.7881,417.2759,2469.0324,127.4965,1184.7007,203.472,1008.2355,2251.2825,484.1144,9998.3451,405.1415,25045.2979,28.2723,157.4143,6859.7577,3050.1721,90.0172,49.789,330.3879,168.6878,578.3736,1042.7303,3950.1832,342.4718,431.9001,74.0021,13.3989,59.5235,2416.8954,255.4075,758.7855,337647.9318,170.5582,14835.3782,392.185,190.3686,64.3801,850.2819,780.2558,152.2712,1565.9764
ROU,72.8044,2612.4547,1341.2421,1772.4403,346.7652,287.5662,770.198,2613.5006,1677.7929,13070.9985,427.8198,1612.4643,24.6044,192.17,4161.1651,1566.6047,637.4996,147.615,5872.4679,96.6947,241.9334,453.8479,7488.7869,233.4146,576.0347,54.3388,18.3578,92.4448,1619.8637,164.5918,3568.5616,232.3916,320632.3568,12809.8088,3559.3189,1227.5079,416.4032,421.7382,3428.353,144.3841,1222.7699
ROW,93835.7925,32416.06,128526.4392,9487.0358,113551.161,109965.9935,116588.9645,1039562.9767,15915.3666,277357.647,53678.3311,110257.724,3383.6184,18744.209,180705.2999,233949.5328,34023.4228,9917.243,14549.9352,83895.2824,219036.9844,88568.6434,115206.3917,306221.0008,226871.3798,11293.4466,4339.7378,32672.7583,102358.1431,55505.4953,31998.391,28385.5804,20763.288,21870744.8311,249357.9739,11031.351,6354.2013,55345.3389,107608.6194,117413.001,643355.2496
RUS,360.0379,4021.026,5718.4924,672.9025,3655.8241,1645.9287,6333.0395,65197.7288,6139.1739,49265.0481,2092.0382,5283.1426,1880.9233,5761.0813,11556.3094,14235.6267,228.0268,188.4698,1855.8324,967.9309,2098.1415,1977.9835,16788.1348,14597.2406,15052.1257,2710.783,1228.32,249.3286,6273.5319,3129.9041,9608.1542,328.0353,1025.3446,84408.6208,2887290.2752,3513.7283,560.1777,4880.8339,15088.0063,1221.9445,7080.5667
SVK,46.6568,3013.1255,1034.994,197.7171,65.3614,173.7755,643.3452,2001.5448,11188.9295,14645.0371,275.5218,811.1625,31.3399,146.8559,3086.2274,809.6747,63.2899,219.9019,4026.0229,37.213,143.6263,158.1725,2869.0381,366.5268,3991.2483,69.1519,39.6985,50.4495,1166.8763,30.7298,5470.6619,113.7957,711.9962,12567.2859,2135.6134,147844.2726,405.252,381.2442,716.4879,326.0489,763.0764
SVN,33.581,2777.1605,545.4706,182.0722,323.4492,46.7962,417.1992,1369.1278,676.3934,4664.4399,110.3309,739.704,12.9172,60.5391,983.1512,421.377,83.621,1457.4709,890.4848,89.2576,141.0215,85.0306,3782.0543,101.4377,915.8878,102.0193,40.4793,17.1201,530.4964,21.2196,776.2301,43.2681,255.8645,3808.5766,225.436,446.263,64561.905,162.5017,823.0092,81.917,372.4592
SWE,388.7291,2812.2768,9695.0585,231.0712,697.4698,1231.2229,1743.9872,11172.9469,2397.3558,32583.6858,15882.4689,3048.4459,3021.8076,11712.9908,8409.4243,11768.6235,243.2215,291.2948,1588.6015,213.1371,1589.3648,3935.2362,5944.3477,1523.9578,1085.6014,1018.417,829.9746,118.0653,8343.5614,12312.4199,7387.1516,637.047,915.9325,15676.5671,5558.277,1005.3574,348.1142,782844.8558,2131.9342,702.415,13598.3766
TUR,677.0686,2288.4364,4251.1172,2576.9418,1677.3472,967.8082,1731.0746,23148.9625,2167.8448,28860.0261,1426.5872,7763.1236,55.0008,1240.0462,9602.9951,6081.7467,6542.6175,130.3427,1738.5689,2016.1352,7432.7381,540.2888,14347.2614,2586.9639,9521.2875,109.2938,62.2296,839.5936,3746.7457,1089.6539,3836.7964,630.2155,2369.8097,54634.3616,9415.7956,1024.7418,296.7583,1937.2224,1244750.2649,2466.2027,8302.0595
TWN,11409.2134,549.1811,1123.9568,25.4852,2571.5143,2136.101,1525.6668,43622.0343,145.0841,10385.4495,487.2991,3107.1305,8.6868,204.1196,2599.9437,2228.3308,131.7778,7.7179,148.5612,7493.0136,3159.7604,511.1705,1629.7884,44808.5704,22617.1729,11.1255,3.7807,568.3017,2239.429,387.8,250.5029,131.6995,42.4412,109569.2112,85.3659,38.5621,17.997,633.3823,268.4465,851835.8126,16414.9763
USA,10161.4178,10051.6009,23990.0946,624.2207,29552.3666,350482.1343,32981.6964,347311.1062,3789.5438,135642.0887,7718.454,17015.1506,429.2014,7165.1802,49649.6192,85559.1499,905.6306,620.3796,4944.8855,19505.7338,36546.8047,31959.7119,45251.0238,121143.6438,78341.3549,1546.8564,208.6257,267365.5091,26616.6185,6699.5113,5275.8255,3124.9879,1937.1796,569792.3093,14751.0522,1590.8975,516.887,12695.5808,10153.7068,34050.2862,29053134.0045
